Type,X,Y
boom,119304.206,485107.907
boom,119336.933,485134.216
boom,119312.511,485113.21
boom,119331.571,485132.385
boom,119318.868,485120.956
boom,119327.372,485142.216
boom,119340.261,485145.428
boom,119332.521,485144.204
lichtmast,119318.758,485146.799
lichtmast,119325.188,485103.206
lichtmast,119322.317,485122.907
lichtmast,119341.615,485113.823
lichtmast,119312.907,485104.038
lichtmast,119338.735,485122.563
